"time","user","article"
984868500000,"209.91.204.xxx","Puerto Rico"
985483241000,"TimShell","Puerto Rico"
987892807000,"Koyaanisqatsi","Bermuda"
987895460000,"Koyaanisqatsi","Bermuda"
988030404000,"Koyaanisqatsi","History of Barbados"
988036307000,"Koyaanisqatsi~enwiki","History of the British Virgin Islands"
988551301000,"KoyaanisQatsi","History of the Falkland Islands"
988552596000,"KoyaanisQatsi","History of French Guiana"
988939007000,"KoyaanisQatsi","French Guiana"
990025798000,"Rmhermen","Seven Years' War"
990029082000,"Pinkunicorn","Seven Years' War"
990104993000,"Rmhermen","Sami people"
990367487000,"LA2","Xenophobia"
990433627000,"LA2","Tiger"
990835456000,"KoyaanisQatsi","Puerto Rico"
991180359000,"KoyaanisQatsi","Trinidad and Tobago"
994801881000,"KoyaanisQatsi","History of Antigua and Barbuda"
994802431000,"KoyaanisQatsi","Antigua and Barbuda"
995831966000,"Koyaanis Qatsi","Guadeloupe"
996209208000,"151.200.23.xxx","Jack Kerouac"
997318562000,"Koyaanis Qatsi","History of the Bahamas"
997372918000,"Piotr Wozniak","Xenophobia"
997373463000,"MichaelTinkler","Xenophobia"
997373561000,"Yooden","Xenophobia"
997622819000,"Koyaanis Qatsi","History of Barbados"
997623032000,"Koyaanis Qatsi","Barbados"
997906134000,"Alan Millar","Hadrian's Wall"
997918895000,"Simon J Kissane","British nationality law"
998397510000,"216.99.203.xxx","Aga Khan III"
998573769000,"Andre Engels","History of the Falkland Islands"
998805882000,"Simon_J_Kissane","Nationality"
999223184000,"Larry_Sanger","Thirteen Colonies"
999223229000,"Larry_Sanger","Thirteen Colonies"
999296053000,"65.229.25.xxx","Trinidad and Tobago"
999296581000,"Koyaanis Qatsi","Trinidad and Tobago"
999352625000,"MichaelTinkler","Mongols"
1000304166000,"130.60.153.xxx","Proto-Human language"
1000648651000,"MichaelTinkler","Aga Khan III"
1001122653000,"Simon_J_Kissane","North Carolina"
1001683513000,"Zundark","History of the Bahamas"
1001684479000,"Dmerrill","Indian removal"
1001689204000,"TimShell","Indian removal"
1001766166000,"207.215.85.xxx","Goths"
1001767567000,"MichaelTinkler","Goths"
1001891392000,"Trimalchio","North Carolina"
1001940686000,"24.156.93.xxx","Province of Canada"
1001967162000,"TimShell","Pervez Musharraf"
1001999131000,"207.215.86.xxx","Angles"
1002004996000,"Aristotle","Angles"
1002310440000,"DanKeshet","Vasco Núñez de Balboa"
1002596962000,"Alan Millar","Tiger"
1002634233000,"Alan Millar","Tiger"
1002651492000,"NickelKnowledge","Tiger"
1002651844000,"Clasqm","Tiger"
1002669383000,"Alan Millar","Tiger"
1002669535000,"Alan Millar","Tiger"
1002707925000,"Clasqm","Jack Kerouac"
1002710463000,"Koyaanis Qatsi","Jack Kerouac"
1002720353000,"193.133.134.xxx","Hudson's Bay Company"
1002726846000,"Paul Drye","Hudson's Bay Company"
1002804283000,"MichaelTinkler","Lombards"
1002832437000,"BenBaker","North Carolina"
1003030837000,"Koyaanis Qatsi","British nationality law"
1003033676000,"The Cunctator","Urban exploration"
1003352052000,"Bryan Derksen","Hudson's Bay Company"
1003815710000,"193.133.134.xxx","Mongols"
1003851965000,"Dmerrill","Vasco Núñez de Balboa"
1004560001000,"Corvus13~enwiki","Antigua and Barbuda"
1004560468000,"Corvus13","Netherlands Antilles"
1004562164000,"Corvus13~enwiki","Barbados"
1004563056000,"Corvus13~enwiki","Bermuda"
1004571554000,"Corvus13","Guadeloupe"
1004842212000,"Pspinler","Dutch West India Company"
1004916565000,"208.60.198.xxx","Diaspora"
1004916945000,"Anatoly Vorobey","Diaspora"
1005019766000,"Efm","Ababda people"
1005167596000,"63.150.8.xxx","Sami people"
1005324081000,"H. Jonat~enwiki","Turkic peoples"
1005326401000,"MichaelTinkler","Turkic peoples"
1005326426000,"MichaelTinkler","Turkic peoples"
1005326442000,"MichaelTinkler","Turkic peoples"
1005326471000,"MichaelTinkler","Turkic peoples"
1005326483000,"MichaelTinkler","Turkic peoples"
1005326589000,"MichaelTinkler","Turkic peoples"
1005332148000,"H. Jonat~enwiki","Turkic peoples"
1005406121000,"MichaelTinkler","Turkic peoples"
1005416534000,"66.153.24.xxx","Huns"
1005723189000,"Simon_J_Kissane","European Convention on Nationality"
1005793485000,"65.68.87.xxx","Romani people"
1005799487000,"AxelBoldt","Romani people"
1005834300000,"Rmhermen","Romani people"
1006043551000,"Dweir","Hadrian's Wall"
1006249870000,"193.133.134.xxx","Hadrian's Wall"
1006399128000,"H.J.","Lombards"
1006399152000,"H.J.","Lombards"
1006542980000,"BenBaker","Indian removal"
1007052784000,"Hannes Hirzel","Proto-Human language"
1007301190000,"200.191.188.xxx","Goths"
1007394402000,"200.191.188.xxx","Thirteen Colonies"
1007394440000,"200.191.188.xxx","Thirteen Colonies"
1007600791000,"Ed Poor","Urban heat island"
1007601974000,"Jimbo Wales","Urban heat island"
1007648521000,"Paul Drye","British nationality law"
1007763949000,"Zundark","Sami people"
1008165749000,"66.99.20.xxx","Huns"
1008165766000,"66.99.20.xxx","Huns"
1008165785000,"66.99.20.xxx","Huns"
1008165970000,"MichaelTinkler","Huns"
1008178756000,"63.192.137.xxx","Huns"
1008180046000,"63.192.137.xxx","Huns"
1008181008000,"Cpt","Metropolis"
1008459700000,"SJK","International Refugee Organization"
1008862001000,"Hannes Hirzel","Proto-Human language"
1009488440000,"Hannes Hirzel","Human evolution"
1009488666000,"Slrubenstein","Human evolution"
1009488732000,"Hannes Hirzel","Human evolution"
1009488752000,"Slrubenstein","Human evolution"
1009489944000,"Slrubenstein","Human evolution"
1009490007000,"Slrubenstein","Human evolution"
1009491121000,"Larry_Sanger","Human evolution"
1009611867000,"Hannes Hirzel","Proto-Human language"
1009825765000,"Hagedis","Islamic conquest of Afghanistan"
1009833973000,"Hagedis","Islamic conquest of Afghanistan"
1010050860000,"212.25.85.xxx","Proto-Human language"
1010053679000,"Zundark","Proto-Human language"
1010084686000,"AdamW","Proto-Human language"
1010933698000,"Clasqm","Voortrekkers"
1011902266000,"Aidan Elliott-McCrea","Human evolution"
1011902356000,"Aidan Elliott-McCrea","Human evolution"
1011903347000,"Ed Poor","Human evolution"
1012138150000,"Conversion script","Human evolution"
1012142117000,"Calypso","Human evolution"
1012159596000,"Clasqm","Human evolution"
1012224685000,"Derek Ross","International Organization for Migration"
1012256655000,"Conversion script","Vasco Núñez de Balboa"
1012291439000,"Dreamyshade","Human evolution"
1012506366000,"203.2.218.xxx","New Sweden"
1012519221000,"David Parker","New Sweden"
1012559897000,"Jeronimo","New Sweden"
1012559937000,"David Parker","New Sweden"
1012564572000,"David Parker","New Sweden"
1012896141000,"205.138.230.xxx","Thor Heyerdahl"
1012975650000,"Wesley","Thor Heyerdahl"
1013305445000,"Conversion script","Lombards"
1013604550000,"Conversion script","Seven Years' War"
1013967643000,"Conversion script","Hadrian's Wall"
1013971139000,"LA2","Seven Years' War"
1013971176000,"LA2","Seven Years' War"
1013975988000,"Conversion script","History of Antigua and Barbuda"
1013976435000,"Conversion script","Antigua and Barbuda"
1014045656000,"24.93.53.xxx","Thor Heyerdahl"
1014108184000,"Mav","Hadrian's Wall"
1014190426000,"Conversion script","History of the Bahamas"
1014190866000,"LA2","History of the Bahamas"
1014190962000,"LA2","History of the Bahamas"
1014272609000,"Vicki Rosenzweig","Founding of Rome"
1014276694000,"Vicki Rosenzweig","Founding of Rome"
1014348206000,"Conversion script","Voortrekkers"
1014416753000,"Zundark","Founding of Rome"
1014478204000,"Conversion script","History of Barbados"
1014478281000,"LA2","History of Barbados"
1014478300000,"Conversion script","Barbados"
1014478447000,"LA2","History of Barbados"
1014571162000,"Slrubenstein","Human evolution"
1014648191000,"Conversion script","Angles"
1014648191000,"Conversion script","Ababda people"
1014648191000,"LA2","Barbados"
1014648191000,"Conversion script","Bermuda"
1014648191000,"Conversion script","Boer"
1014648191000,"Conversion script","Citizenship"
1014648191000,"Conversion script","Diaspora"
1014648191000,"Conversion script","Göktürks"
1014648191000,"Conversion script","Guadeloupe"
1014648191000,"Conversion script","Goths"
1014648191000,"Conversion script","Huns"
1014648191000,"Carey Evans","Lombards"
1014648191000,"Conversion script","Mongols"
1014648191000,"Conversion script","Nationality"
1014648191000,"Conversion script","Proto-Indo-Europeans"
1014648191000,"Conversion script","Sami people"
1014648191000,"Conversion script","Suburb"
1014648191000,"Conversion script","Tiger"
1014648191000,"David Parker","Voortrekkers"
1014648191000,"Conversion script","Xenophobia"
1014648191000,"Dachshund","Pilgrims (Plymouth Colony)"
1014648191000,"Conversion script","Turkic peoples"
1014648191000,"Conversion script","Metropolis"
1014648675000,"LA2","Antigua and Barbuda"
1014648675000,"Conversion script","Aga Khan III"
1014648675000,"Conversion script","Islamic conquest of Afghanistan"
1014648675000,"Conversion script","Clipperton Island"
1014648675000,"Conversion script","Dutch West India Company"
1014648675000,"Conversion script","European Convention on Nationality"
1014648675000,"Pgdudda","Human evolution"
1014648675000,"Conversion script","History of the Falkland Islands"
1014648675000,"Conversion script","History of French Guiana"
1014648675000,"0","Hudson's Bay Company"
1014648675000,"Conversion script","Indian removal"
1014648675000,"Conversion script","International Refugee Organization"
1014648675000,"Conversion script","Jack Kerouac"
1014648675000,"Conversion script","Netherlands Antilles"
1014648675000,"Conversion script","North Carolina"
1014648675000,"Conversion script","Puerto Rico"
1014648675000,"Conversion script","Proto-Human language"
1014648675000,"Conversion script","Province of Canada"
1014648675000,"Conversion script","Pervez Musharraf"
1014648675000,"Conversion script","Romani people"
1014648675000,"Conversion script","Rural flight"
1014648675000,"Conversion script","Saint Lucia"
1014648675000,"Conversion script","History of Trinidad and Tobago"
1014648675000,"Conversion script","Treaty of Lausanne"
1014648675000,"Conversion script","Urban exploration"
1014648675000,"Conversion script","Urban heat island"
1014648675000,"Conversion script","Thirteen Colonies"
1014648675000,"Derek Ross","International Organization for Migration"
1014648675000,"Vicki Rosenzweig","New Sweden"
1014648675000,"Wesley","Thor Heyerdahl"
1014648675000,"205.138.230.xxx","Milford H. Wolpoff"
1014648675000,"Jeronimo","Viceroyalty of New Granada"
1014648675000,"LA2","History of Antigua and Barbuda"
1014648675000,"LA2","History of the Bahamas"
1014648675000,"Mav","Founding of Rome"
1014648675000,"LA2","History of Barbados"
1014648675000,"Conversion script","History of the British Virgin Islands"
1014648675000,"Conversion script","Trinidad and Tobago"
1014648675000,"RobLa","Vasco Núñez de Balboa"
1014648675000,"Vicki Rosenzweig","Hadrian's Wall"
1014648675000,"Conversion script","British nationality law"
1014648675000,"LA2","Seven Years' War"
1014648675000,"Conversion script","French Guiana"
1014749622000,"Mav","Gentrification"
1014996713000,"LA2","Bermuda"
1015075541000,"LA2","History of the British Virgin Islands"
1015075587000,"LA2","History of the British Virgin Islands"
1015296146000,"Jeronimo","Netherlands Antilles"
1015658282000,"Vicki Rosenzweig","New Netherland"
1015937393000,"Subtle Trouble","Suburb"
1016146354000,"Jeronimo","Danish West Indies"
1016382016000,"David Parker","Bulgars"
1016386028000,"David Parker","Turkic peoples"
1016386320000,"David Parker","Göktürks"
1016389371000,"Vicki Rosenzweig","Bulgars"
1016408941000,"Szopen","Bulgars"
1016438215000,"Szopen","Huns"
1016626582000,"Amillar","Alans"
1016633072000,"Ed Poor","Elián González"
1016635566000,"Zundark","Elián González"
1016849256000,"Espen","Refugee"
1016911212000,"The Ostrich","Tiger"
1016911393000,"The Ostrich","Tiger"
1016917539000,"The Ostrich","Tiger"
1016920259000,"The Ostrich","Tiger"
1016920303000,"The Ostrich","Tiger"
1016920443000,"The Ostrich","Tiger"
1016920491000,"The Ostrich","Tiger"
1016920718000,"The Ostrich","Tiger"
1016947419000,"Matthew Woodcraft","Tiger"
1017119335000,"LA2","Citizenship"
1017143956000,"The Ostrich","Tiger"
1017144083000,"The Ostrich","Tiger"
1017259927000,"Vicki Rosenzweig","Puerto Rico"
1017376579000,"Verloren","British nationality law"
1017644041000,"Koyaanis Qatsi","Indian removal"
1017649499000,"Rmhermen","Indian removal"
1017785141000,"Brion VIBBER","French Guiana"
1017785227000,"0","French Guiana"
1017845625000,"Bryan Derksen","Founding of Rome"
1018035602000,"Rootbeer","Hitchhiking"
1018097056000,"Jsc1973","Goths"
1018097099000,"Jsc1973","Goths"
1018127025000,"Nate Silva","Urban growth boundary"
1018127255000,"Nate Silva","Urban growth boundary"
1018388784000,"Ghost~enwiki","Pannonian Avars"
1018402974000,"Derek Ross","Founding of Rome"
1018408485000,"Derek Ross","Founding of Rome"
1018436227000,"DanKeshet","Romani people"
1018535845000,"imported>6.7","Hudson's Bay Company"
1018536718000,"imported>96.149","Hudson's Bay Company"
1018716323000,"Rgamble","Diaspora"
1018716854000,"Roadrunner","Diaspora"
1018720703000,"Roadrunner","Atlantic slave trade"
1018805713000,"Vicki Rosenzweig","Atlantic slave trade"
1018807025000,"Mirwin","Atlantic slave trade"
1018807894000,"Qbmessiah","Transportation planning"
1018807980000,"Qbmessiah","Transportation planning"
1019048644000,"Bigzachattack","North Carolina"
1019176657000,"Eclecticology","Thor Heyerdahl"
1019177483000,"Eclecticology","Thor Heyerdahl"
1019447500000,"Jakobbg","Thor Heyerdahl"
1019451359000,"WojPob","Thor Heyerdahl"
1019511546000,"Bryan Derksen","Human evolution"
1019637996000,"SimonP","Atlantic slave trade"
1019711219000,"Qbmessiah","Theories of urban planning"
1019711441000,"Qbmessiah","Theories of urban planning"
1019838699000,"Marj Tiefert","Turkic peoples"
1019984518000,"DavidLevinson","Theories of urban planning"
1020446620000,"PierreAbbat","Pannonian Avars"
1020619420000,"Fredbauder","Tiger"
1020639454000,"Guppie","Seven Years' War"
1020690560000,"imported>57.3","Tiger"
1020793054000,"PierreAbbat","North Carolina"
1020870805000,"Vicki Rosenzweig","Suburb"
1020872981000,"Gianfranco","Suburb"
1021021730000,"Chris_mahan","French and Indian War"
1021021750000,"Chris_mahan","French and Indian War"
1021021935000,"Chris_mahan","French and Indian War"
1021079774000,"Gianfranco","Theories of urban planning"
1021262660000,"Gianfranco","Theories of urban planning"
1021262700000,"DavidLevinson","Theories of urban planning"
1021388078000,"Stephen Gilbert","White Australia policy"
1021683275000,"The Anome","White Australia policy"
1021721798000,"WojPob","Gaspar Corte-Real"
1021721893000,"WojPob","Gaspar Corte-Real"
1021793171000,"Fredbauder","European colonization of the Americas"
1021799426000,"JeLuF","French colonization of the Americas"
1021799501000,"Fredbauder","Russian colonization of the Americas"
1021799501000,"JeLuF","Russian colonization of the Americas"
1021799537000,"Brion VIBBER","European colonization of the Americas"
1021800664000,"Fredbauder","Danish colonization of the Americas"
1021801321000,"Fredbauder","Danish colonization of the Americas"
1021801345000,"Mav","Danish colonization of the Americas"
1021801453000,"Mav","Danish colonization of the Americas"
1021801699000,"Mav","Dutch colonization of the Americas"
1021803759000,"Fredbauder","French colonization of the Americas"
1021804033000,"0","Hudson's Bay Company"
1021804213000,"0","Hudson's Bay Company"
1021804524000,"Fredbauder","British colonization of the Americas"
1021805638000,"0","British colonization of the Americas"
1021886011000,"Fredbauder","Danish colonization of the Americas"
1021886098000,"Fredbauder","Danish colonization of the Americas"
1021984465000,"Scipius","Pilgrims (Plymouth Colony)"
1021997754000,"Vicki Rosenzweig","Mongols"
1021998281000,"Vicki Rosenzweig","New Netherland"
1022115054000,"Karen Johnson","Refugee"
1022116349000,"Fredbauder","European colonization of the Americas"
1022116623000,"Fredbauder","European colonization of the Americas"
1022116977000,"0","European colonization of the Americas"
1022140001000,"Fredbauder","Spanish colonization of the Americas"
1022326493000,"DavidLevinson","Urban planner"
1022333477000,"Mav","Urban planner"
1022333672000,"Tarquin","Urban planner"
1022333746000,"Tarquin","Urban planner"
1022389967000,"DavidLevinson","Urban planner"
1022407661000,"WojPob","Village"
1022408094000,"WojPob","Village"
1022417084000,"DavidLevinson","Urban planner"
1022417280000,"DavidLevinson","Urban planner"
1022485009000,"Jeronimo","Dutch West India Company"
1022485769000,"Fredbauder","Juan Bautista de Anza"
1022485894000,"Fredbauder","Juan Bautista de Anza"
1022486040000,"Fredbauder","Juan Bautista de Anza"
1022486238000,"Fredbauder","Juan Bautista de Anza"
1022660417000,"Gianfranco","Jus soli"
1022660565000,"Gianfranco","Jus sanguinis"
1022967412000,"Espen","Nansen passport"
1022967412000,"Tobias Hoevekamp","Nansen passport"
1022968338000,"Roadrunner","Refugee"
1022968743000,"Roadrunner","Refugee"
1023035371000,"RK","Refugee"
1023035434000,"RK","Refugee"
1023035471000,"RK","Refugee"
1023035527000,"0","Refugee"
1023046068000,"Roadrunner","Central Tibetan Administration"
1023046307000,"Roadrunner","Central Tibetan Administration"
1023301191000,"Ktsquare","Mongols"
1023301227000,"Ktsquare","Mongols"
1023301394000,"Ark~enwiki","Theories of urban planning"
1023301843000,"Danny","Theories of urban planning"
1023320968000,"Ktsquare","Huns"
1023357974000,"Ktsquare","Huns"
1023358035000,"Ktsquare","Huns"
1023358118000,"Ktsquare","Huns"
1023358147000,"Ktsquare","Huns"
1023358162000,"Ktsquare","Huns"
1023358648000,"Ktsquare","Huns"
1023358985000,"Ktsquare","Huns"
1023359041000,"Ktsquare","Huns"
1023359121000,"Ktsquare","Huns"
1023359218000,"Ktsquare","Huns"
1023360914000,"PierreAbbat","Huns"
1023370951000,"Ktsquare","Huns"
1023371375000,"Ktsquare","Huns"
1023371713000,"Ktsquare","Mongols"
1023371736000,"Ktsquare","Mongols"
1023380654000,"Ktsquare","Mongols"
1023545612000,"Vicki Rosenzweig","Mongols"
1023569463000,"The Epopt","Founding of Rome"
1023616090000,"Fredbauder","Romani people"
1023616513000,"Fredbauder","Romani people"
1023616542000,"Christian List","Urban growth boundary"
1023770710000,"Fredbauder","Urbanization"
1023770771000,"Fredbauder","Urbanization"
1023771087000,"Fredbauder","Gentrification"
1023771149000,"Fredbauder","Gentrification"
1023818897000,"Rootbeer","Hitchhiking"
1023859147000,"Fredbauder","Urbanization"
1023863954000,"Fredbauder","Urbanization"
1023864192000,"Fredbauder","Zoning"
1023926088000,"Jeronimo","Dutch colonization of the Americas"
1023948838000,"Tarquin","Atlantic slave trade"
1023954846000,"Fredbauder","Conservation easement"
1023991299000,"Conversion script","History of Saint Kitts and Nevis"
1023991299000,"Danny","History of Saint Kitts and Nevis"
1024159950000,"DanKeshet","Diaspora"
1024163843000,"PierreAbbat","North Carolina"
1024167166000,"The Epopt","Mongols"
1024270677000,"Peterlin~enwiki","Buryats"
1024270828000,"Peterlin~enwiki","Buryats"
1024331321000,"0","Hudson's Bay Company"
1024367102000,"Peterlin~enwiki","Koryaks"
1024367175000,"Peterlin~enwiki","Koryaks"
1024372890000,"Peterlin~enwiki","Chukchi people"
1024372930000,"Peterlin~enwiki","Chukchi people"
1024374610000,"Peterlin~enwiki","Chukchi people"
1024475061000,"The Epopt","Koryaks"
1024489214000,"Ktsquare","Liao dynasty"
1024489422000,"Ktsquare","Liao dynasty"
1024489502000,"Ktsquare","Liao dynasty"
1024500299000,"Ktsquare","Huns"
1024500361000,"Ktsquare","Huns"
1024500452000,"Ktsquare","Huns"
1024500921000,"Ktsquare","Huns"
1024501558000,"Ktsquare","Huns"
1024501684000,"Ktsquare","Huns"
1024502239000,"Ktsquare","Huns"
1024506492000,"Ktsquare","Göktürks"
1024513504000,"Fredbauder","Swedish colonies in the Americas"
1024532529000,"Peterlin~enwiki","Evenks"
1024532637000,"Peterlin~enwiki","Evenks"
1024542923000,"Fredbauder","Indian removal"
1024543637000,"Danny","Evenks"
1024572352000,"Ktsquare","Liao dynasty"
1024603841000,"Ktsquare","Liao dynasty"
1024620498000,"Ktsquare","Huns"
1024631354000,"Fredbauder","Pilgrims (Plymouth Colony)"
1024705787000,"Apollia","Henry David Thoreau"
1024705873000,"Apollia","Henry David Thoreau"
1024717431000,"Ktsquare","Liao dynasty"
1024746640000,"imported>19.8","Thor Heyerdahl"
1024797604000,"19.168","Indian removal"
1024812831000,"0","Hadrian's Wall"
1024863277000,"Wesley","Pilgrims (Plymouth Colony)"
1024916959000,"Vicki Rosenzweig","Lombards"
1024930099000,"Zoe","North Carolina"
1024930237000,"Zoe","North Carolina"
1024954279000,"0","Puerto Rico"
1025027239000,"Fredbauder","Juan Bautista de Anza"
1025027654000,"Fredbauder","Juan Bautista de Anza"
1025027893000,"Fredbauder","Juan Bautista de Anza"
1025028540000,"Fredbauder","Juan Bautista de Anza"
1025028730000,"Fredbauder","Juan Bautista de Anza"
1025030914000,"Danny","Juan Bautista de Anza"
1025094312000,"0","North Carolina"
1025541610000,"Ortolan88","Vasco Núñez de Balboa"
1025806888000,"Mav","Human evolution"
1025806917000,"Mav","Human evolution"
1025824981000,"PierreAbbat","Human evolution"
1025981406000,"Eclecticology","French and Indian War"
1026042312000,"Maury Markowitz","Hudson's Bay Company"
1026083658000,"Andre Engels","Vasco Núñez de Balboa"
1026107741000,"Mav","Suburb"
1026167330000,"Roadrunner","Flight and expulsion of Germans (1944–50)"
1026167350000,"Roadrunner","Flight and expulsion of Germans (1944–50)"
1026168107000,"Roadrunner","Flight and expulsion of Germans (1944–50)"
1026168686000,"Roadrunner","Ethnic cleansing"
1026405127000,"Mav","Human evolution"
1026405745000,"Mav","Human evolution"
1026505852000,"The Epopt","Guadeloupe"
1026507836000,"The Epopt","Clipperton Island"
1026520415000,"Sjc","Bedouin"
1026544439000,"Dachshund","Pilgrims (Plymouth Colony)"
1026544635000,"Dachshund","Pilgrims (Plymouth Colony)"
1026545179000,"Vicki Rosenzweig","Pilgrims (Plymouth Colony)"
1026550906000,"Deb","Pilgrims (Plymouth Colony)"
1026590003000,"Bryan Derksen","British nationality law"
1026861883000,"Mav","Human evolution"
1026866421000,"Fredbauder","Spanish colonization of the Americas"
1026866554000,"Fredbauder","Spanish colonization of the Americas"
1026866722000,"Fredbauder","Spanish colonization of the Americas"
1027018302000,"Fredbauder","Spanish colonization of the Americas"
1027141800000,"Fredbauder","Spanish colonization of the Americas"
1027151759000,"Brion VIBBER","Spanish colonization of the Americas"
1027207613000,"Vignaux","Hadrian's Wall"
1027211758000,"Deb","Hadrian's Wall"
1027232273000,"imported>6.44","French Guiana"
1027232292000,"imported>6.44","French Guiana"
1027232344000,"imported>6.44","French Guiana"
1027232622000,"imported>6.44","French Guiana"
1027233720000,"Vicki Rosenzweig","French Guiana"
1027235625000,"imported>6.44","French Guiana"
1027322887000,"Brion VIBBER","French Guiana"
1027324882000,"Caltrop","Puerto Rico"
1027324918000,"Caltrop","Puerto Rico"
1027367815000,"Danny","North Carolina"
1027396912000,"Jennifer~enwiki","Refugee"
1027412763000,"LA2","Tramp"
1027419762000,"Uriyan","Refugee"
1027448838000,"Ortolan88","Thor Heyerdahl"
1027455865000,"Bryan Derksen","Tiger"
1027456367000,"Mav","Tiger"
1027460800000,"Tobias Hoevekamp","Tramp"
1027478436000,"Perique des Palottes","European colonization of the Americas"
1027485110000,"Peter Winnberg","Indian removal"
1027501581000,"Brion VIBBER","British colonization of the Americas"
1027566041000,"Anthonyjameswood","Human evolution"
1027566680000,"Anthonyjameswood","Human evolution"
1027566929000,"PierreAbbat","Human evolution"
1027636900000,"Mav","Saint Barthélemy"
1027636929000,"Mav","Saint Barthélemy"
1027657513000,"Peterlin~enwiki","Evenks"
1027667576000,"Stephen Gilbert","French and Indian War"
1027678270000,"Uriyan","Bedouin"
1027691070000,"Gianfranco","Lombards"
1027700366000,"JHK","Lombards"
1027731575000,"Aloha","Swedish colonies in the Americas"
1027759145000,"Ray Van De Walker","Puerto Rico"
1027759325000,"Brion VIBBER","Puerto Rico"
1027764717000,"Heron","Hobo"
1027791309000,"Fredbauder","History of the Bahamas"
1027791397000,"Fredbauder","History of the Bahamas"
1027792500000,"Fredbauder","History of the Bahamas"
1027823890000,"Fredbauder","New Netherland"
1027824041000,"Fredbauder","Dutch West India Company"
1027824352000,"Fredbauder","New Sweden"
1027824413000,"Fredbauder","New Sweden"
1027914671000,"Jeronimo","Dutch colonization of the Americas"
1027934598000,"Mav","Flight and expulsion of Germans (1944–50)"
1027935014000,"Galizia","Flight and expulsion of Germans (1944–50)"
1027937116000,"Sjc","Atlantic slave trade"
1027954644000,"Ed Poor","Indian removal"
1027954682000,"Ed Poor","Indian removal"
1028102169000,"Wesley","Pilgrims (Plymouth Colony)"
1028102320000,"Roadrunner","Pilgrims (Plymouth Colony)"
1028173751000,"Fredbauder","Human evolution"
1028173805000,"Fredbauder","Human evolution"
1028173945000,"Fredbauder","Human evolution"
1028243304000,"Ray Van De Walker","Regional planning"
1028243635000,"Ray Van De Walker","Regional planning"
1028243676000,"Ray Van De Walker","Regional planning"
1028334491000,"Jeronimo","Netherlands Antilles"
1028338400000,"Vovkav~enwiki","Great Wall of China"
1028339741000,"Andre Engels","Great Wall of China"
1028340161000,"Andre Engels","Great Wall of China"
1028341710000,"Uriyan","Palestinian return to Israel"
1028342293000,"Uriyan","Palestinian return to Israel"
1028342334000,"Vovkav~enwiki","Great Wall of China"
1028344837000,"Uriyan","Palestinian return to Israel"
1028345099000,"Enchanter","Palestinian return to Israel"
1028346764000,"Uriyan","Palestinian return to Israel"
1028350119000,"Scipius","Netherlands Antilles"
1028363922000,"Uriyan","Palestinian return to Israel"
1028387698000,"Zoe","Great Wall of China"
1028443020000,"Fredbauder","Big Day Out"
1028529255000,"Fredbauder","Urbanization"
1028529335000,"Fredbauder","Urbanization"
1028532992000,"-- April","Atlantic slave trade"
1028534929000,"Ed Poor","Atlantic slave trade"
1028536648000,"Scipius","Netherlands Antilles"
1028537721000,"Jeronimo","Netherlands Antilles"
1028539641000,"B4hand","Nationality"
1028606410000,"Robert Merkel","White Australia policy"
1028704218000,"Sjc","People smuggling"
1028741683000,"Mav","White Australia policy"
1028741885000,"Mav","White Australia policy"
1028742361000,"Mav","White Australia policy"
1028837320000,"Bryan Derksen","Founding of Rome"
1028847281000,"Eclecticology","Seven Years' War"
1028868273000,"Andre Engels","Boer"
1028873167000,"Ed Poor","Antigua and Barbuda"
1028901561000,"Manning Bartlett","White Australia policy"
1028901637000,"Manning Bartlett","White Australia policy"
1029056071000,"AxelBoldt","Huns"
1029087360000,"AxelBoldt","Tiger"
1029088411000,"Vicki Rosenzweig","Tiger"
1029191508000,"Kpjas","Diaspora"
1029191696000,"Jeronimo","Diaspora"
1029192076000,"Uriyan","Diaspora"
1029192086000,"Uriyan","Diaspora"
1029243187000,"-- April","Metropolis"
1029305407000,"Mav","French colonization of the Americas"
1029306044000,"Gareth Owen","French colonization of the Americas"
1029334423000,"Zoe","North Carolina"
1029383050000,"Rmhermen","Flight and expulsion of Germans (1944–50)"
1029387217000,"Andre Engels","Conquistador"
1029388716000,"Rmhermen","Trail of Tears"
1029389791000,"Isis~enwiki","Pilgrims (Plymouth Colony)"
1029398483000,"-- April","Hobo"
1029415544000,"-- April","Bermuda"
1029521918000,"-- April","Trinidad and Tobago"
1029646620000,"Vicki Rosenzweig","New Sweden"
1029748938000,"Vassili Nikolaev","Bulgars"
1029818142000,"Andre Engels","Treaty of Tordesillas"
1029818417000,"Andre Engels","Treaty of Tordesillas"
1029818431000,"Andre Engels","Treaty of Tordesillas"
1029836259000,"-- April","Barbados"
1029836875000,"-- April","Antigua and Barbuda"
1029837785000,"-- April","Netherlands Antilles"
1029838261000,"-- April","Bermuda"
1029852271000,"Koyaanis Qatsi","Clipperton Island"
1029852293000,"Koyaanis Qatsi","Clipperton Island"
1029862075000,"-- April","Guadeloupe"
1029914250000,"Montrealais","Province of Canada"
1029914434000,"Montrealais","The Canadas"
1029914594000,"Montrealais","Province of Canada"
1029917215000,"Ktsquare","Huns"
1029921050000,"-- April","Barbados"
1029921231000,"-- April","Bermuda"
1029921415000,"Ktsquare","Huns"
1029921662000,"Ktsquare","Huns"
1029921842000,"Ktsquare","Huns"
1029921878000,"Ktsquare","Xiongnu"
1029922447000,"-- April","Barbados"
1029942564000,"-- April","Saint Lucia"
1029943241000,"Camembert","Jack Kerouac"
1029943355000,"Camembert","Jack Kerouac"
1029968701000,"Jeronimo","Roanoke Colony"
1029975356000,"WojPob","Pilgrims (Plymouth Colony)"
1029979421000,"Sjc","Pilgrims (Plymouth Colony)"
1029994259000,"Ed Poor","1948 Palestinian exodus"
1029997643000,"Ed Poor","Refugee"
1030002093000,"The Cunctator","Refugee"
1030005413000,"Ed Poor","Flight and expulsion of Germans (1944–50)"
1030005927000,"Ed Poor","A Terrible Revenge"
1030006015000,"Ed Poor","Flight and expulsion of Germans (1944–50)"
1030009996000,"Enchanter","1948 Palestinian exodus"
1030010696000,"Koyaanis Qatsi","Barbados"
1030011122000,"Rmhermen","Flight and expulsion of Germans (1944–50)"
1030011215000,"Rmhermen","Flight and expulsion of Germans (1944–50)"
1030014361000,"Vicki Rosenzweig","A Terrible Revenge"
1030014486000,"Koyaanis Qatsi","Bermuda"
1030015300000,"JHK","A Terrible Revenge"
1030015393000,"Vicki Rosenzweig","A Terrible Revenge"
1030017548000,"Zoe","A Terrible Revenge"
1030023154000,"Mav","British colonization of the Americas"
1030034522000,"-- April","History of the British Virgin Islands"
1030049219000,"Karen Johnson","Big Day Out"
1030079370000,"Jeronimo","New Netherland"
1030079496000,"Jeronimo","New Sweden"
1030173037000,"Ap","Transportation planning"
1030173111000,"Ap","Transportation planning"
1030173148000,"Ap","Transportation planning"
1030177365000,"Andre Engels","Conquistador"
1030177432000,"Andre Engels","Conquistador"
1030177619000,"Andre Engels","Conquistador"
1030177662000,"DanKeshet","Conquistador"
1030178925000,"Andre Engels","Spanish colonization of the Americas"
1030179051000,"Andre Engels","Conquistador"
1030186344000,"Enchanter","Tiger"
1030212905000,"Eclecticology","Urban growth boundary"
1030226398000,"Isis~enwiki","Roanoke Colony"
1030358129000,"-- April","Mongols"
1030358158000,"Vicki Rosenzweig","Milford H. Wolpoff"
1030360036000,"Tarquin","Hadrian's Wall"
1030360120000,"Vicki Rosenzweig","Zoning"
1030407264000,"Vignaux","Hadrian's Wall"
1030419542000,"Jeronimo","Dutch West India Company"
1030442277000,"Vassili Nikolaev","Russian colonization of the Americas"
1030443307000,"-- April","Barbados"
1030443571000,"-- April","Bermuda"
1030444721000,"Enchanter","Russian colonization of the Americas"
1030483676000,"Jeronimo","Hudson's Bay Company"
1030514387000,"Martha","1948 Palestinian exodus"
1030518331000,"Rmhermen","Danish colonization of the Americas"
1030518364000,"Rmhermen","Dutch colonization of the Americas"
1030518738000,"Andre Engels","Thirteen Colonies"
1030520915000,"Rmhermen","Portuguese colonization of the Americas"
1030521268000,"Rmhermen","Dutch colonization of the Americas"
1030521327000,"Rmhermen","Spanish colonization of the Americas"
1030521374000,"Rmhermen","New Sweden"
1030536651000,"Koyaanis Qatsi","Guadeloupe"
1030541937000,"Netesq","Citizenship"
1030544346000,"Hephaestos","Spanish colonization of the Americas"
1030578380000,"Andre Engels","Trail of Tears"
1030589337000,"Kpjas","Lombards"
1030601864000,"JHK","Lombards"
1030603326000,"Stephen Gilbert","The Canadas"
1030615258000,"-- April","Chukchi people"
1030647624000,"GrahamN","Sami people"
1030647844000,"GrahamN","Evenks"
1030648272000,"GrahamN","Sami people"
1030660056000,"Brion VIBBER","French colonization of the Americas"
1030677189000,"Perique des Palottes","Dutch colonization of the Americas"
1030677213000,"Perique des Palottes","Portuguese colonization of the Americas"
1030677249000,"Perique des Palottes","Dutch colonization of the Americas"
1030687713000,"Mintguy","French colonization of the Americas"
1030700557000,"Isis~enwiki","North Carolina"
1030700633000,"Isis~enwiki","North Carolina"
1030700946000,"Isis~enwiki","North Carolina"
1030702656000,"Isis~enwiki","North Carolina"
1030726651000,"The Epopt","Bermuda"
1030726928000,"The Epopt","Puerto Rico"
1030730959000,"The Epopt","Clipperton Island"
1030780215000,"Scipius","Antigua and Barbuda"
1030781597000,"Scipius","Barbados"
1030781835000,"Scipius","Bermuda"
1030795676000,"Scipius","Netherlands Antilles"
1030797920000,"Scipius","Puerto Rico"
1030798396000,"Scipius","Saint Lucia"
1030802875000,"Scipius","Trinidad and Tobago"
1030803710000,"Ellmist","Trinidad and Tobago"
1030803781000,"Ellmist","Trinidad and Tobago"
1030803816000,"Ellmist","Trinidad and Tobago"
1030899653000,"Alan d","Hitchhiking"
1030924003000,"Derek Ross","Thirteen Colonies"
1030939024000,"Branko","Hitchhiking"
1030941982000,"Branko","Hitchhiking"
1030995346000,"Dachshund","Pilgrims (Plymouth Colony)"
1031030047000,"Dachshund","Pilgrims (Plymouth Colony)"
1031030101000,"Ben-Zin~enwiki","Netherlands Antilles"
1031127681000,"Ppetru","Romani people"
1031139375000,"Koyaanis Qatsi","Puerto Rico"
1031211869000,"Christopher Mahan","Alans"
1031220494000,"Bobdobbs1723","Mongols"
1031220597000,"Bobdobbs1723","Mongols"
1031288678000,"Andre Engels","Conquistador"
1031336744000,"Koyaanis Qatsi","Saint Lucia"
1031337706000,"Bobdobbs1723","Mongols"
1031337774000,"Bobdobbs1723","Mongols"
1031337949000,"Bobdobbs1723","Mongols"
1031338057000,"Bobdobbs1723","Mongols"
1031338094000,"Bobdobbs1723","Mongols"
1031338404000,"Bobdobbs1723","Mongols"
1031342030000,"Bobdobbs1723","Mongols"
1031343885000,"Bobdobbs1723","Mongols"
1031419507000,"Tucci528","Founding of Rome"
1031449549000,"Zoe","North Carolina"
1031530682000,"Eclecticology","Liao dynasty"
1031571466000,"Shaydon","Vasco Núñez de Balboa"
1031571773000,"Shaydon","Vasco Núñez de Balboa"
1031571827000,"Shaydon","Vasco Núñez de Balboa"
1031584886000,"Bobdobbs1723","Mongols"
1031587179000,"Bobdobbs1723","Mongols"
1031599370000,"Damian Yerrick","Chukchi people"
1031615235000,"Christopher Mahan","Romani people"
1031622284000,"Brion VIBBER","Pauline Hanson's One Nation"
1031624143000,"Soulpatch","Thirteen Colonies"
1031635673000,"Chris Q","Henry David Thoreau"
1031639915000,"Andre Engels","Vasco Núñez de Balboa"
1031661320000,"Jeronimo","Dutch West India Company"
1031677611000,"Rmhermen","British colonization of the Americas"
1031745903000,"Koyaanis Qatsi","Trinidad and Tobago"
1031762592000,"Heron","Population transfer"
1031806201000,"Brion VIBBER","Puerto Rico"
1031827455000,"Andre Engels","Indo-Aryan migration theory"
1031827534000,"Andre Engels","Indo-Aryan migration theory"
1031827846000,"Andre Engels","Indo-Aryan migration theory"
1031828101000,"Tarquin","Indo-Aryan migration theory"
1031830067000,"Rcingham","Village"
1031830689000,"Modemac","Metropolis"
1031831741000,"Andre Engels","Indo-Aryan migration theory"
1031843882000,"Andre Engels","Indo-Aryan migration theory"
1031946407000,"-- April","New Spain"
1032029565000,"Andre Engels","Mongols"
1032032174000,"Olivier","Indian removal"
1032089419000,"Andre Engels","Ababda people"
1032194474000,"Andre Engels","Jack Kerouac"
1032207169000,"Tarquin","Netherlands Antilles"
1032224316000,"Jsc1973","Alans"
1032241725000,"Olivier","Guadeloupe"
1032241776000,"Olivier","Guadeloupe"
1032242468000,"Olivier","Guadeloupe"
1032245105000,"Olivier","French Guiana"
1032245121000,"Olivier","French Guiana"
1032261452000,"Olivier","French Guiana"
1032267899000,"Bobdobbs1723","Mongols"
1032278394000,"Vassili Nikolaev","Spanish colonization of the Americas"
1032384010000,"JeLuF","Göktürks"
1032411782000,"Jeronimo","Liao dynasty"
1032414213000,"Eclecticology","Great Wall of China"
1032415441000,"Olivier","Mongols"
1032415478000,"Olivier","Mongols"
1032423443000,"Olivier","Islamic conquest of Afghanistan"
1032432617000,"Koyaanis Qatsi","Bermuda"
1032504365000,"Andre Engels","Vasco Núñez de Balboa"
1032537231000,"Andre Engels","Atlantic slave trade"
1032540369000,"Andre Engels","Conquistador"
1032568921000,"Eclecticology","Metropolis"
1032573730000,"Eclecticology","Metropolis"
1032632332000,"Enchanter","Evenks"
1032647390000,"Andre Engels","Tiger"
1032647410000,"Andre Engels","Tiger"
1032655306000,"Elian","1948 Palestinian exodus"
1032727727000,"Koyaanis Qatsi","French Guiana"
1032755939000,"KF","Trailer park"
1032760245000,"Isis~enwiki","North Carolina"
1032760411000,"Isis~enwiki","North Carolina"
1032768187000,"OlofE~enwiki","Recent African origin of modern humans"
1032768591000,"OlofE~enwiki","Milford H. Wolpoff"
1032769316000,"OlofE~enwiki","Recent African origin of modern humans"
1032769350000,"OlofE~enwiki","Mitochondrial Eve"
1032769367000,"OlofE~enwiki","Recent African origin of modern humans"
1032769383000,"OlofE~enwiki","Recent African origin of modern humans"
1032769683000,"Brion VIBBER","Mitochondrial Eve"
1032769832000,"OlofE~enwiki","Mitochondrial Eve"
1032770184000,"Brion VIBBER","Milford H. Wolpoff"
1032771564000,"OlofE~enwiki","Recent African origin of modern humans"
1032775180000,"OlofE~enwiki","Milford H. Wolpoff"
1032775325000,"OlofE~enwiki","Milford H. Wolpoff"
1032775721000,"OlofE~enwiki","Milford H. Wolpoff"
1032788368000,"Ed Poor","Irish Travellers"
1032788898000,"Ed Poor","Irish Travellers"
1032789126000,"Olivier","Irish Travellers"
1032789393000,"Ed Poor","Romani people"
1032789936000,"Ed Poor","Irish Travellers"
1032790412000,"Ed Poor","Irish Travellers"
1032790427000,"Ed Poor","Irish Travellers"
1032790527000,"Ed Poor","Irish Travellers"
1032791180000,"Olivier","Mongols"
1032791244000,"Olivier","Nomad"
1032792656000,"Ed Poor","Nomad"
1032793126000,"Ed Poor","Irish Travellers"
1032793298000,"Ed Poor","Irish Travellers"
1032813932000,"Graft","Indo-Aryan migration theory"
1032814281000,"Zoe","Indo-Aryan migration theory"
1032820012000,"AxelBoldt","Indo-Aryan migration theory"
1032854631000,"Tarquin","Goths"
1032854666000,"Tarquin","Goths"
1032900870000,"Imran","Irish Travellers"
1032901087000,"Imran","Lombards"
1032938690000,"Derek Ross","Mongols"
1032952174000,"Olivier","Clipperton Island"
1032985989000,"KF","Hobo"
1033028034000,"Andre Engels","Human evolution"
1033057986000,"Mav","Human evolution"
1033100335000,"RobLa","Kennewick Man"
1033100414000,"RobLa","Kennewick Man"
1033100454000,"RobLa","Kennewick Man"
1033101078000,"RobLa","Kennewick Man"
1033101308000,"Jeronimo","Bermuda"
1033111629000,"Derek Ross","Conquistador"
1033133214000,"Andre Engels","Islamic conquest of Afghanistan"
1033133609000,"Andre Engels","Xiongnu"
1033133672000,"Andre Engels","Xiongnu"
1033133724000,"Andre Engels","Göktürks"
1033133791000,"Andre Engels","Huns"
1033134437000,"Vicki Rosenzweig","Huns"
1033134585000,"Olivier","Turkic peoples"
1033152213000,"Ram-Man","Burke County, North Carolina"
1033161549000,"Uriyan","1948 Palestinian exodus"
1033211900000,"Andre Engels","Theories of urban planning"
1033213265000,"Andre Engels","Lombards"
1033233408000,"Andre Engels","Ababda people"
1033254515000,"Mav","North Carolina"
1033255155000,"Mav","Puerto Rico"
1033372315000,"Olivier","Guadeloupe"
1033377774000,"Olivier","Angles"
1033470975000,"Andre Engels","Indo-Aryan migration theory"
1033471302000,"Andre Engels","Indo-Aryan migration theory"
1033471401000,"Andre Engels","Indo-Aryan migration theory"
1033479228000,"Tarquin","Indo-Aryan migration theory"
1033537875000,"Olivier","Saint Barthélemy"
1033537905000,"Olivier","Saint Barthélemy"
1033539018000,"Olivier","New Sweden"
1033540045000,"Olivier","Saint Barthélemy"
1033540081000,"Olivier","Saint Barthélemy"
1033540107000,"Olivier","Saint Barthélemy"
1033540256000,"Olivier","Saint Barthélemy"
1033541034000,"Olivier","Saint Barthélemy"
1033654550000,"The Anome","Irish Travellers"
1033656885000,"Rmhermen","British colonization of the Americas"
1033744514000,"Elian","1948 Palestinian exodus"
1033748865000,"Scipius","French and Indian War"
1033795162000,"Uriyan","Palestinian return to Israel"
1033795232000,"Uriyan","Palestinian return to Israel"
1033802116000,"Olivier","Great Wall of China"
1033858706000,"Ram-Man","Silverhill, Alabama"
1033942842000,"Elian","Palestinian return to Israel"
1034035702000,"Ktsquare","Hadrian's Wall"
1034036254000,"Brion VIBBER","Hadrian's Wall"
1034122012000,"Patrick","Netherlands Antilles"
1034137803000,"Jeronimo","Netherlands Antilles"
1034207813000,"Zoe","The Emigrants (film)"
1034240700000,"Andre Engels","Great Wall of China"
1034251141000,"Ed Poor","Right of return"
1034251323000,"Ed Poor","Right of return"
1034251482000,"Khendon","Right of return"
1034253381000,"Uriyan","Right of return"
1034255043000,"Elian","Right of return"
1034256862000,"Elian","Right of return"
1034266450000,"PierreAbbat","Right of return"
1034269140000,"Fubar Obfusco","Right of return"
1034269297000,"Fubar Obfusco","Diaspora"
1034270781000,"Imran","History of the Bahamas"
1034275577000,"Uriyan","Right of return"
1034275765000,"Uriyan","Right of return"
1034280894000,"Elian","Right of return"
1034316781000,"Khendon","Right of return"
1034349025000,"Uriyan","Right of return"
1034361421000,"Andre Engels","Indo-Aryan migration theory"
1034361446000,"Andre Engels","Indo-Aryan migration theory"
1034418018000,"Olivier","Göktürks"
1034418043000,"Olivier","Göktürks"
1034418212000,"Olivier","Turkic peoples"
1034418230000,"Olivier","Turkic peoples"
1034418589000,"Olivier","Turkic peoples"
1034418905000,"Olivier","Turkic peoples"
1034418922000,"Olivier","Turkic peoples"
1034419012000,"Olivier","Kyrgyz people"
1034419125000,"Olivier","Kyrgyz people"
1034419955000,"Olivier","Kyrgyz people"
1034420788000,"Olivier","Turkic peoples"
1034421868000,"Olivier","Turkic peoples"
1034436248000,"Fredbauder","Urbanization"
1034436280000,"Fredbauder","Urbanization"
1034436485000,"Bryan Derksen","Urbanization"
1034436760000,"Fredbauder","Urban growth boundary"
1034437081000,"Fredbauder","Urbanization"
1034437263000,"Fredbauder","Urbanization"
1034445330000,"Scipius","Netherlands Antilles"
1034445346000,"Scipius","Netherlands Antilles"
1034458007000,"DavidLevinson","Urban planner"
1034482925000,"Mav","Citizenship"
1034482951000,"Mav","Citizenship"
1034529557000,"Nate Silva","Urban growth boundary"
1034530141000,"Nate Silva","Urban growth boundary"
1034533119000,"Mav","Tuareg people"
1034554912000,"Hephaestos","Atlantic slave trade"
1034590658000,"Olivier","Central Tibetan Administration"
1034636801000,"Ram-Man","Thorsby, Alabama"
1034668256000,"Olivier","Tiger"
1034669263000,"Olivier","Mongols"
1034676355000,"Isis~enwiki","New Sweden"
1034712331000,"Jeronimo","Hadrian's Wall"
1034736467000,"Ktsquare","Lombards"
1034807960000,"Montrealais","The Canadas"
1034878326000,"David spector","Sami people"
1034885707000,"Tubby","French colonization of the Americas"
1034885854000,"Montrealais","French and Indian War"
1034886109000,"FvdP","Pervez Musharraf"
1034887226000,"Rmhermen","Seven Years' War"
1034894886000,"Eclecticology","Seven Years' War"
1034899295000,"Eclecticology","French and Indian War"
1034947206000,"Olivier","French colonization of the Americas"
1034947863000,"Olivier","Spanish colonization of the Americas"
1034957304000,"Ram-Man","Bishop Hill, Illinois"
1035003699000,"Ktsquare","Huns"
1035003758000,"Ktsquare","Huns"
1035045242000,"Montrealais","British nationality law"
1035097792000,"Renata","Hadrian's Wall"
1035111212000,"MrH","Jack Kerouac"
1035119672000,"Ellmist","Puerto Rico"
1035135487000,"Smelialichu","Founding of Rome"
1035149609000,"Ram-Man","Port Tobacco Village, Maryland"
1035158742000,"Brion VIBBER","French colonization of the Americas"
1035167436000,"Olivier","History of Barbados"
1035193683000,"Derek Ross","British nationality law"
1035195921000,"Derek Ross","1948 Palestinian exodus"
1035211894000,"Alan Peakall","Queen Anne's War"
1035212479000,"Alan Peakall","King George's War"
1035213296000,"Alan Peakall","French and Indian War"
1035216030000,"Heron","British nationality law"
1035216160000,"Soulpatch","French and Indian War"
1035269956000,"Ram-Man","Keene, New Hampshire"
1035286862000,"Vicki Rosenzweig","Indo-Aryan migration theory"
1035292543000,"Perique des Palottes","Treaty of Tordesillas"
1035327395000,"Karen Johnson","Pauline Hanson's One Nation"
1035364423000,"Ram-Man","Morganton, North Carolina"
1035368687000,"Olivier","Indian removal"
1035370449000,"Olivier","Migration Period"
1035377070000,"Jeronimo","Indo-Aryan migration theory"
1035414801000,"Infrogmation","Conquistador"
1035447773000,"Derek Ross","Pannonian Avars"
1035477428000,"Eclecticology","French and Indian War"
1035478326000,"DanKeshet","Seven Years' War"
1035491473000,"Infrogmation","Spanish colonization of the Americas"
1035511257000,"Olivier","Portuguese colonization of the Americas"
1035516551000,"Fubar Obfusco","Right of return"
1035525199000,"Khendon","Right of return"
1035546762000,"Ram-Man","Edgewater, New Jersey"
1035559687000,"Andre Engels","Hitchhiking"
1035571001000,"Oscar Arias","Metropolitan area"
1035571049000,"Oscar Arias","Metropolitan area"
1035580841000,"Andre Engels","Goths"
1035580977000,"Andre Engels","Goths"
1035591459000,"Roadrunner","French colonization of the Americas"
1035591588000,"Christopher Mahan","French and Indian War"
1035642446000,"Derek Ross","1948 Palestinian exodus"
1035728057000,"Mkmcconn","White Australia policy"
1035747707000,"Tubby","French colonization of the Americas"
1035747768000,"Tubby","French colonization of the Americas"
1035747809000,"Tubby","French colonization of the Americas"
1035898423000,"Olivier","AIESEC"
1035904478000,"Uriyan","Right of return"
1035907608000,"Fubar Obfusco","Right of return"
1036141359000,"Tzartzam","Aga Khan III"
1036200267000,"Elian","Jewish exodus from Arab and Muslim countries"
1036202619000,"Qbmessiah","Theories of urban planning"
1036264602000,"Bryan Derksen","Kennewick Man"
1036264654000,"Bryan Derksen","Kennewick Man"
1036330049000,"Uriyan","Jewish exodus from Arab and Muslim countries"
1036331430000,"RK","Jewish exodus from Arab and Muslim countries"
1036336065000,"Uriyan","Jewish exodus from Arab and Muslim countries"
1036341588000,"Elian","Jewish exodus from Arab and Muslim countries"
1036346355000,"Camembert","Thor Heyerdahl"
1036364392000,"Elian","Jewish exodus from Arab and Muslim countries"
1036367280000,"TUF-KAT","Antigua and Barbuda"
1036368248000,"TUF-KAT","Barbados"
1036412694000,"Tzartzam","Pervez Musharraf"
1036439788000,"Brian Sayrs","Zoning"
1036440990000,"Brian Sayrs","Zoning"
